,Strategy,Strategy_ID,Leverage,Total_Return,Final_Capital,Sharpe_Ratio,Max_Drawdown,Win_Rate,Total_Trades,Winning_Trades,Trades_Per_Day,Trades_Per_Active_Day,Fast_SMA,Slow_SMA,RSI_Period,RSI_Oversold,RSI_Overbought,Granularity
0,sma,sma_15min_fast9_slow50_lev10_risk2.0_pos100_tp6,10,347.391228120971,894.782456241942,0.3880471406956226,-56.123857896698205,28.915662650602407,166,48,2.4057971014492754,2.4776119402985075,9,50,14,30,70,15min
1,sma,sma_15min_fast9_slow50_lev10_risk2.0_pos100_tp8,10,888.207860316097,1976.4157206321938,0.49184456717634967,-53.910586746807546,25.308641975308642,162,41,2.347826086956522,2.3823529411764706,9,50,14,30,70,15min
2,sma,sma_15min_fast9_slow50_lev10_risk2.0_pos100_tp10,10,4920.799516435745,10041.59903287149,0.6957065377525707,-50.92172880315393,25.333333333333336,150,38,2.1739130434782608,2.2388059701492535,9,50,14,30,70,15min
3,sma,sma_15min_fast9_slow50_lev10_risk2.0_pos100_tp12,10,7227.099369529813,14654.198739059626,0.705069068348015,-48.84676626387821,22.448979591836736,147,33,2.130434782608696,2.227272727272727,9,50,14,30,70,15min
4,sma,sma_15min_fast9_slow50_lev10_risk2.0_pos100_tp14,10,4852.351416772656,9904.702833545312,0.6348063088165493,-50.99435945434215,19.148936170212767,141,27,2.0434782608695654,2.203125,9,50,14,30,70,15min
